[
  {
    "Contient": "North America",
    "Country_State": "US",
    "cuisine": "Southern Recipes",
    "title": "Sweet Potato Pie",
    "URL": "https://www.allrecipes.com/recipe/12142/sweet-potato-pie-i/",
    "rating": 4.8,
    "total_time": 115,
    "prep_time": 15,
    "cook_time": 100,
    "description": "Shared from a Southern recipe, this homemade sweet potato pie is easy to make...",
    "ingredients": [],
    "instructions": [],
    "nutrients": {
      "calories": "389 kcal"
    },
    "serves": "8 servings"
  }
]